{"Total Session Time": 14874.539693832397, "Total Playing Time": 75389.90457415581, "Total Sessions": 2, "Total Games": 63}