{"Total Session Time": 75797.07901620865, "Total Playing Time": 164751.03551578522, "Total Sessions": 8, "Total Games": 645}