{"Total Session Time": 75797.07901620865, "Total Playing Time": 203371.06078219414, "Total Sessions": 8, "Total Games": 1304}