{"Total Session Time": 42373.67708206177, "Total Playing Time": 137578.59227466583, "Total Sessions": 4, "Total Games": 120}