{"Total Session Time": 75797.07901620865, "Total Playing Time": 174021.2339873314, "Total Sessions": 8, "Total Games": 842}