{"Total Session Time": 50889.49978542328, "Total Playing Time": 144648.1889872551, "Total Sessions": 7, "Total Games": 276}