{"Total Session Time": 4845.018100738525, "Total Playing Time": 4831.366982936859, "Total Sessions": 1, "Total Games": 10}