{"Total Session Time": 75797.07901620865, "Total Playing Time": 206716.3696911335, "Total Sessions": 8, "Total Games": 1358}