{"Total Session Time": 4845.018100738525, "Total Playing Time": 7238.082952976227, "Total Sessions": 1, "Total Games": 14}