{"Total Session Time": 75797.07901620865, "Total Playing Time": 185131.80568528175, "Total Sessions": 8, "Total Games": 1012}