{"Total Session Time": 4845.018100738525, "Total Playing Time": 46241.22157382965, "Total Sessions": 1, "Total Games": 30}