{"Total Session Time": 4845.018100738525, "Total Playing Time": 43645.68921780586, "Total Sessions": 1, "Total Games": 25}