{"Total Session Time": 75797.07901620865, "Total Playing Time": 192751.04052209854, "Total Sessions": 8, "Total Games": 1136}