{"Total Session Time": 75797.07901620865, "Total Playing Time": 189320.36093330383, "Total Sessions": 8, "Total Games": 1082}